{"cameraMode":{"drawMode":0,"name":"Shaded","section":"Shading Mode"},"sceneLighting":true,"audioPlay":false,"sceneViewState":{"showFog":true,"showMaterialUpdate":false,"showSkybox":true,"showFlares":true,"showImageEffects":true,"showParticleSystems":true},"in2DMode":false,"pivot":{"x":28.612945556640626,"y":2.9963207244873049,"z":-22.10565185546875},"rotation":{"x":0.07072315365076065,"y":-0.8119444847106934,"z":0.1006319597363472,"w":0.5706393122673035},"size":3.5980730056762697,"orthographic":false}