{"cameraMode":{"drawMode":0,"name":"Shaded","section":"Shading Mode"},"sceneLighting":true,"audioPlay":false,"sceneViewState":{"showFog":true,"showMaterialUpdate":false,"showSkybox":true,"showFlares":true,"showImageEffects":true,"showParticleSystems":true},"in2DMode":false,"pivot":{"x":30.188892364501954,"y":-0.7209515571594238,"z":-30.659481048583986},"rotation":{"x":-0.20496828854084016,"y":0.7686099410057068,"z":-0.2988317012786865,"w":-0.5271883010864258},"size":8.479567527770996,"orthographic":false}